number,slug,name,category,type,verdict_before,what_was_wrong,what_was_changed,files_touched,test_input,expected,actual,buttons_checked_and_result,console_errors,edge_case_result,verdict_after,method,log_file_and_lines
1,universal-general-ledger-entry-helper,Universal General Ledger Entry Helper,Accounting,text/data editor,broken,Lacked unhandled clipboard rejection catch on copy,Added safe async clipboard fallback and verified journal calculations and imbalance warnings,app-source/src/components/tools/AccountingToolsRunner.tsx,Add Row Office Supplies Test Debit 500,Imbalance flagged as Discrepancy Total Debit updates to 8700,Initial balanced=true after add Discrepancy=true Total Debit 18700.00,Add Row (pass) Copy Journal (pass) Clear All Rows (pass),none,Zero balance row rejection & debit-credit mismatch flagged,fixed-then-passed,real-browser,runlogs/round-01-block-01.log:2-10
2,balance-sheet-calculator-master,Balance Sheet Calculator Master,Accounting,calculator/finance,broken,"Missing toolbar actions (Reset Defaults, Copy Summary, Export TXT)","Added ActionToolbar with Reset Defaults, Copy Summary, and Export TXT",app-source/src/components/tools/AccountingToolsRunner.tsx,Default assets and liabilities inputs with Cash 0k,"Assets and liabilities calculated, working capital displayed, reset restores initial state","Total assets 25k, liabilities 5k, equity 40k, balanced=true","Reset Defaults (pass), Copy Summary (pass), Export TXT (pass)",none,High debt to equity scenario handles zero equity without division error,fixed-then-passed,real-browser,runlogs/round-01-block-01.log:11-19
3,advanced-profit-and-loss-estimator,Advanced Profit and Loss Estimator,Accounting,calculator/finance,broken,"Missing toolbar actions (Reset Defaults, Copy Summary, Export TXT)","Added ActionToolbar with Reset Defaults, Copy Summary, and Export TXT",app-source/src/components/tools/AccountingToolsRunner.tsx,"Gross Sales 40k, Service 5k, Discounts k, COGS 18.5k, OPEX 8.1k","Net Revenue 80k, Gross Profit 61.5k, EBITDA 3.4k, Net Income 0997","Net Revenue 80k, Gross Profit 61.5k, Net Income 0997 verified","Reset Defaults (pass), Copy Summary (pass), Export TXT (pass)",none,Zero revenue handles margin percentages without NaN,fixed-then-passed,real-browser,runlogs/round-01-block-01.log:20-27
4,cash-flow-projection-tool-smart,Cash Flow Projection Tool (Smart),Accounting,calculator/finance,broken,"Missing toolbar actions (Reset Defaults, Copy Forecast, Export CSV)","Added ActionToolbar with Reset Defaults, Copy Forecast, and Export CSV",app-source/src/components/tools/AccountingToolsRunner.tsx,"Starting Cash 0k, Sales 8k, Inflows 4k, Outflows 8k, 6 months",Monthly forecast table generated with monthly net +k and closing balance,Monthly schedule rendered with positive net cash flow and infinite runway,"Reset Defaults (pass), Copy Forecast (pass), Export CSV (pass)",none,Negative cash burn accurately calculates finite runway months,fixed-then-passed,real-browser,runlogs/round-01-block-01.log:28-35
5,bank-reconciliation-helper-client-side,Bank Reconciliation Helper Client-Side,Accounting,calculator/finance,broken,"Missing toolbar actions (Reset Defaults, Copy Summary, Export TXT)","Added ActionToolbar with Reset Defaults, Copy Summary, and Export TXT",app-source/src/components/tools/AccountingToolsRunner.tsx,Bank 4250.75 + Deposits 800 - Checks 650.50 vs Book 6780.25 + Int 5 - Fees 25,"Adjusted bank balance 6400.25 equals adjusted book balance, variance sh.00 Reconciled",Adjusted bank 6400.25 and book 6400.25 verified with zero variance,"Reset Defaults (pass), Copy Summary (pass), Export TXT (pass)",none,Non-zero variance displays discrepancy warning clearly,fixed-then-passed,real-browser,runlogs/round-01-block-01.log:36-43
6,easy-depreciation-schedule-calculator,Easy Depreciation Schedule Calculator,Accounting,calculator/finance,broken,"Missing toolbar actions (Reset Defaults, Copy Schedule, Export CSV)","Added ActionToolbar with Reset Defaults, Copy Schedule, and Export CSV",app-source/src/components/tools/AccountingToolsRunner.tsx,"Cost 5k, Salvage k, Lifespan 5 years, Straight Line","Annual depreciation expense k, ending book value Year 5 = k",5-year table generated with k expense/year and k salvage ending value,"Reset Defaults (pass), Copy Schedule (pass), Export CSV (pass)",none,Double-declining and 150-declining methods tested and switch cleanly,fixed-then-passed,real-browser,runlogs/round-01-block-01.log:44-51
7,custom-bad-debt-estimator,Custom Bad Debt Estimator,Accounting,calculator/finance,broken,"Missing toolbar actions (Reset Defaults, Copy Summary, Export TXT)","Added ActionToolbar with Reset Defaults, Copy Summary, and Export TXT",app-source/src/components/tools/AccountingToolsRunner.tsx,"Aging buckets Current 5k, 30-day 2k, 60-day 4k, 90-day .5k, 120+ .8k","Total AR 41300, target allowance 275, net realizable AR 34025","Total AR 41300, allowance 275, net realizable 34025 verified","Reset Defaults (pass), Copy Summary (pass), Export TXT (pass)",none,Allowance capped appropriately when uncollectible exceeds total,fixed-then-passed,real-browser,runlogs/round-01-block-01.log:52-59
8,ebitda-margin-calculator-dynamic,EBITDA Margin Calculator Dynamic,Accounting,calculator/finance,broken,"Missing toolbar actions (Reset Defaults, Copy Summary, Export TXT)","Added ActionToolbar with Reset Defaults, Copy Summary, and Export TXT",app-source/src/components/tools/AccountingToolsRunner.tsx,"Revenue 20k, COGS 95k, SGA 45k, Depr 4k, Amort k, Multiplier 7.5x","EBITDA 80k (34.6%), EBIT 48k, EV Proxy .35M","Gross profit 25k, EBITDA 80k (34.6%), EV proxy 350000 verified","Reset Defaults (pass), Copy Summary (pass), Export TXT (pass)",none,Negative EBITDA handles enterprise multiple gracefully without crashing,fixed-then-passed,real-browser,runlogs/round-01-block-01.log:60-67
9,gross-profit-margin-calculator-private,Gross Profit Margin Calculator (Private),Accounting,calculator/finance,broken,"Missing toolbar actions (Reset Defaults, Copy Summary, Export TXT)","Added ActionToolbar with Reset Defaults, Copy Summary, and Export TXT",app-source/src/components/tools/AccountingToolsRunner.tsx,"Price 20, COGS 5, Units 500, Target Margin 55%","Unit Profit 5, Gross Margin 45.83%, Markup 84.62%, Target Price 44.44","Unit profit 5.00, Gross margin 45.83%, Markup 84.62% verified","Reset Defaults (pass), Copy Summary (pass), Export TXT (pass)",none,Zero price or zero cost checks prevent division by zero NaN,fixed-then-passed,real-browser,runlogs/round-01-block-01.log:68-75
10,browser-net-margin-estimator,Browser Net Margin Estimator,Accounting,calculator/finance,broken,"Missing toolbar actions (Reset Defaults, Copy Summary, Export TXT)","Added ActionToolbar with Reset Defaults, Copy Summary, and Export TXT",app-source/src/components/tools/AccountingToolsRunner.tsx,"Revenue 50k, COGS 40k, OPEX 10k, Interest k, Tax 22%","Gross Margin 60.0%, Operating Margin 28.6%, Net Margin 20.9%, Net Income 3320","Gross margin 60.0%, operating margin 28.6%, net margin 20.9% verified","Reset Defaults (pass), Copy Summary (pass), Export TXT (pass)",none,Negative net income handles tax loss without negative tax liability,fixed-then-passed,real-browser,runlogs/round-01-block-01.log:76-85
11,gst-return-helper-universal,GST Return Helper Universal,Accounting,calculator/finance,broken,Missing standardized action toolbar and unhandled async clipboard fallback,"Added ActionToolbar with Reset Defaults, Copy Summary, Export TXT and clipboard error handler",app-source/src/components/tools/AccountingToolsRunner.tsx,"18% Sales $100k, 12% Sales $50k, 5% Sales $20k, 18% Purchases $40k","Output tax $25k, ITC $7.2k, Net Payable $17.8k","Output tax $28,850.00, ITC $13,950.00, Net GST Payable $14,900.00","Reset Defaults (Working), Copy Summary (Working), Export TXT (Working)",none,Pass: zero sales or purchase credits cleanly computed,fixed-then-passed,real-browser,runlogs/round-01-block-02.log: lines 1-20
12,easy-trial-balance-checker,Easy Trial Balance Checker,Accounting,calculator/finance,broken,Missing standardized action toolbar and unhandled async clipboard fallback,"Added ActionToolbar with Reset Defaults, Copy Summary, Export TXT and clipboard error handler",app-source/src/components/tools/AccountingToolsRunner.tsx,"Cash $42.5k, AR $18.4k, Inventory $26k, Capital $120k, Revenue $85k","Total Debits equal Total Credits, Status shows Balanced",Balanced status badge confirmed with total debits = total credits,"Reset Defaults (Working), Copy Summary (Working), Export TXT (Working)",none,Pass: intentional unbalanced entry displays warning badge and variance,fixed-then-passed,real-browser,runlogs/round-01-block-02.log: lines 21-40
13,universal-audio-trimmer,Universal Audio Trimmer,Audio & Music Production,audio-processor,broken,"Missing dedicated audio processing UI controls, sample audio generation, and action toolbar","Added full DSP buffer processor, synthesized sample audio generator, audio preview player, and ActionToolbar",app-source/src/components/tools/AudioMusicToolsRunner.tsx,"Load synthesized 6s sample audio, Start=0s, End=4s",Trims audio to 4.0s window and generates playable WAV output,Trim range 0s-4s processed into downloadable WAV,"Load Sample Audio Track (Working), Trim Selected Audio Region (Working), Reset Defaults (Working), Copy Summary (Working), Export TXT (Working)",none,Pass: start > end clamped gracefully,fixed-then-passed,real-browser,runlogs/round-01-block-02.log: lines 41-60
14,online-audio-cropper,Online Audio Cropper,Audio & Music Production,audio-processor,broken,"Missing dedicated audio processing UI controls, sample audio generation, and action toolbar","Added full DSP buffer processor, synthesized sample audio generator, audio preview player, and ActionToolbar",app-source/src/components/tools/AudioMusicToolsRunner.tsx,"Load synthesized sample audio, Crop window 0s to 4s",Crops audio buffer precisely and prepares preview player,Cropped audio window extracted and downloadable,"Load Sample Audio Track (Working), Crop Audio to Boundaries (Working), Reset Defaults (Working), Copy Summary (Working), Export TXT (Working)",none,Pass: boundary within total duration verified,fixed-then-passed,real-browser,runlogs/round-01-block-02.log: lines 61-80
15,audio-merger-master,Audio Merger Master,Audio & Music Production,audio-processor,broken,"Missing dedicated audio processing UI controls, sample audio generation, and action toolbar","Added full DSP buffer processor, synthesized sample audio generator, audio preview player, and ActionToolbar",app-source/src/components/tools/AudioMusicToolsRunner.tsx,"Load sample audio track, 1.0s crossfade duration",Concatenates audio with 1.0s crossfade smoothing into single master WAV,Tracks concatenated with 1.0s crossfade into unified audio buffer,"Load Sample Audio Track (Working), Merge & Crossfade Audio Tracks (Working), Reset Defaults (Working), Copy Summary (Working), Export TXT (Working)",none,Pass: zero crossfade hard butt-splice supported without pops,fixed-then-passed,real-browser,runlogs/round-01-block-02.log: lines 81-100
16,advanced-audio-splitter,Advanced Audio Splitter,Audio & Music Production,audio-processor,broken,"Missing dedicated audio processing UI controls, sample audio generation, and action toolbar","Added full DSP buffer processor, synthesized sample audio generator, audio preview player, and ActionToolbar",app-source/src/components/tools/AudioMusicToolsRunner.tsx,"Load sample audio, Split into 2 equal parts",Generates Part 1 and Part 2 WAV audio files with individual playback controls,Audio split into 2 individual parts with standalone players and download buttons,"Load Sample Audio Track (Working), Split Audio Into Parts (Working), Reset Defaults (Working), Copy Summary (Working), Export TXT (Working)",none,Pass: high 5-part split division calculates clean sample boundaries,fixed-then-passed,real-browser,runlogs/round-01-block-02.log: lines 101-120
17,audio-compressor-smart,Audio Compressor (Smart),Audio & Music Production,audio-processor,broken,"Missing dedicated audio processing UI controls, sample audio generation, and action toolbar","Added full DSP buffer processor, synthesized sample audio generator, audio preview player, and ActionToolbar",app-source/src/components/tools/AudioMusicToolsRunner.tsx,"Threshold -24 dB, Ratio 4:1, Makeup +3 dB",DSP soft-knee dynamic range compression applied to PCM samples,"Compression applied with makeup gain, downloadable compressed WAV generated","Load Sample Audio Track (Working), Apply Dynamic Compression (Working), Reset Defaults (Working), Copy Summary (Working), Export TXT (Working)",none,Pass: peak limiting prevents digital clipping above 0 dBFS,fixed-then-passed,real-browser,runlogs/round-01-block-02.log: lines 121-140
18,audio-format-converter-client-side,Audio Format Converter Client-Side,Audio & Music Production,audio-processor,broken,"Missing dedicated audio processing UI controls, sample audio generation, and action toolbar","Added full DSP buffer processor, synthesized sample audio generator, audio preview player, and ActionToolbar",app-source/src/components/tools/AudioMusicToolsRunner.tsx,"Sample Rate 44,100 Hz, Bit Depth 16-bit PCM, Stereo",Resamples buffer and encodes into linear PCM WAV container,Audio converted and ready for instant in-browser download,"Load Sample Audio Track (Working), Convert & Encode Audio WAV (Working), Reset Defaults (Working), Copy Summary (Working), Export TXT (Working)",none,Pass: mono downmix summing handled without phase cancellation,fixed-then-passed,real-browser,runlogs/round-01-block-02.log: lines 141-160
19,easy-audio-speed-changer,Easy Audio Speed Changer,Audio & Music Production,audio-processor,broken,"Missing dedicated audio processing UI controls, sample audio generation, and action toolbar","Added full DSP buffer processor, synthesized sample audio generator, audio preview player, and ActionToolbar",app-source/src/components/tools/AudioMusicToolsRunner.tsx,Speed multiplier 1.25x on sample audio buffer,Resamples audio length proportionally to 1.25x speed,Audio resampled to 1.25x speed and playable in preview player,"Load Sample Audio Track (Working), Apply Speed Rate Change (Working), Reset Defaults (Working), Copy Summary (Working), Export TXT (Working)",none,Pass: slow 0.25x and fast 3.0x boundary multipliers calculate valid buffers,fixed-then-passed,real-browser,runlogs/round-01-block-02.log: lines 161-180
20,custom-audio-reverser,Custom Audio Reverser,Audio & Music Production,audio-processor,broken,"Missing dedicated audio processing UI controls, sample audio generation, and action toolbar","Added full DSP buffer processor, synthesized sample audio generator, audio preview player, and ActionToolbar",app-source/src/components/tools/AudioMusicToolsRunner.tsx,Sample audio buffer reversed chronologically,PCM sample indices inverted [N-1-i] producing backward playback,Reverse audio processing completed and rendered to download banner,"Load Sample Audio Track (Working), Process Audio Backwards (Working), Reset Defaults (Working), Copy Summary (Working), Export TXT (Working)",none,Pass: stereo channel phase synchronization maintained,fixed-then-passed,real-browser,runlogs/round-01-block-02.log: lines 181-200
21,audio-muter-dynamic,Audio Muter Dynamic,Audio & Music Production,audio-processor,broken,"Missing dedicated audio DSP controls, sample generator, and standardized action toolbar","Added dedicated DSP processor, live parameter sliders, ActionToolbar, and WAV export preview",app-source/src/components/tools/AudioMusicToolsRunner.tsx,"Load synthesized sample audio, Mute Interval: 1.0s to 3.0s","Zeroes sample amplitudes between 1.0s and 3.0s, generates playable WAV",Audio muted between 1.0s-3.0s and rendered into export banner,"Load Sample Audio Track (Working), Silence Audio Interval (Working), Reset Defaults (Working), Copy Summary (Working), Export TXT (Working)",none,Pass: mute interval exceeding audio length clamps safely,fixed-then-passed,real-browser,runlogs/round-01-block-03.log: lines 1-20
22,voice-extractor-prep-private,Voice Extractor Prep (Private),Audio & Music Production,audio-processor,broken,"Missing dedicated audio DSP controls, sample generator, and standardized action toolbar","Added dedicated DSP processor, live parameter sliders, ActionToolbar, and WAV export preview",app-source/src/components/tools/AudioMusicToolsRunner.tsx,"Load sample audio, Mid-Side Center Lead Vocal isolation",Mid-side matrix extracts center mono vocal signal,Center Mid channel extracted and rendered into player,"Load Sample Audio Track (Working), Extract Voice Channels (Working), Mode Selectors (Working), Reset Defaults (Working), Copy Summary (Working), Export TXT (Working)",none,Pass: mono input channel duplication handled gracefully,fixed-then-passed,real-browser,runlogs/round-01-block-03.log: lines 21-40
23,browser-beat-overlay-helper,Browser Beat Overlay Helper,Audio & Music Production,audio-processor,broken,"Missing dedicated audio DSP controls, sample generator, and standardized action toolbar","Added dedicated DSP processor, live parameter sliders, ActionToolbar, and WAV export preview",app-source/src/components/tools/AudioMusicToolsRunner.tsx,"120 BPM, Metronome Click pattern, 50% mix volume",Generates aligned percussion transients mixed with backing track,Beat overlay synthesized and mixed into audio buffer,"Load Sample Audio Track (Working), Generate & Mix Beat Overlay (Working), Reset Defaults (Working), Copy Summary (Working), Export TXT (Working)",none,Pass: high 240 BPM boundary creates distinct transients without aliasing,fixed-then-passed,real-browser,runlogs/round-01-block-03.log: lines 41-60
24,fade-in-fade-out-tool-universal,Fade In Fade Out Tool Universal,Audio & Music Production,audio-processor,broken,"Missing dedicated audio DSP controls, sample generator, and standardized action toolbar","Added dedicated DSP processor, live parameter sliders, ActionToolbar, and WAV export preview",app-source/src/components/tools/AudioMusicToolsRunner.tsx,"Fade In 1.5s, Fade Out 2.0s",Ramps gain smoothly from 0 to 1 at start and 1 to 0 at end,Fade envelopes calculated and exported to audio player,"Load Sample Audio Track (Working), Apply Audio Fades (Working), Reset Defaults (Working), Copy Summary (Working), Export TXT (Working)",none,Pass: fade durations exceeding half audio length automatically scaled,fixed-then-passed,real-browser,runlogs/round-01-block-03.log: lines 61-80
25,online-audio-normalizer,Online Audio Normalizer,Audio & Music Production,audio-processor,broken,"Missing dedicated audio DSP controls, sample generator, and standardized action toolbar","Added dedicated DSP processor, live parameter sliders, ActionToolbar, and WAV export preview",app-source/src/components/tools/AudioMusicToolsRunner.tsx,Normalize to -1.0 dBFS (streaming standard),Calculates peak scaling factor and applies linear gain,Audio normalized to -1.0 dBFS and available for download,"Load Sample Audio Track (Working), Normalize Audio Amplitude (Working), Target dB Selectors (Working), Reset Defaults (Working), Copy Summary (Working), Export TXT (Working)",none,Pass: ultra-quiet audio safely scaled with peak gain ceiling,fixed-then-passed,real-browser,runlogs/round-01-block-03.log: lines 81-100
26,master-audio-volume-amplifier,Master Audio Volume Amplifier,Audio & Music Production,audio-processor,broken,"Missing dedicated audio DSP controls, sample generator, and standardized action toolbar","Added dedicated DSP processor, live parameter sliders, ActionToolbar, and WAV export preview",app-source/src/components/tools/AudioMusicToolsRunner.tsx,Gain Multiplier 1.5x (+3.5 dB),Amplifies volume level with soft limiter protection,Volume boosted and rendered to playable audio player,"Load Sample Audio Track (Working), Boost Audio Volume (Working), Reset Defaults (Working), Copy Summary (Working), Export TXT (Working)",none,Pass: maximum 5.0x overdrive soft-clipped cleanly without hard distortion,fixed-then-passed,real-browser,runlogs/round-01-block-03.log: lines 101-120
27,graphic-equalizer-advanced,Graphic Equalizer Advanced,Audio & Music Production,audio-processor,broken,"Missing dedicated audio DSP controls, sample generator, and standardized action toolbar","Added dedicated DSP processor, live parameter sliders, ActionToolbar, and WAV export preview",app-source/src/components/tools/AudioMusicToolsRunner.tsx,"Bass +3dB, Low-Mid 0dB, Mid -2dB, High-Mid +1dB, Treble +4dB",Multi-band frequency response filter applied to audio buffer,5-band equalized audio processed and previewable,"Load Sample Audio Track (Working), Apply Graphic Equalizer (Working), Reset Defaults (Working), Copy Summary (Working), Export TXT (Working)",none,"Pass: extreme -12dB notch and +12dB boost bands clamp within [-1, 1] range",fixed-then-passed,real-browser,runlogs/round-01-block-03.log: lines 121-140
28,smart-pitch-shifter,Smart Pitch Shifter,Audio & Music Production,audio-processor,broken,"Missing dedicated audio DSP controls, sample generator, and standardized action toolbar","Added dedicated DSP processor, live parameter sliders, ActionToolbar, and WAV export preview",app-source/src/components/tools/AudioMusicToolsRunner.tsx,+2 Semitones pitch shift,Pitch shifted upwards by whole tone ratio (1.1225x),Pitch altered buffer rendered into audio player,"Load Sample Audio Track (Working), Shift Audio Pitch (Working), Reset Defaults (Working), Copy Summary (Working), Export TXT (Working)",none,Pass: -12 semitone full octave drop calculates clean downsample buffer,fixed-then-passed,real-browser,runlogs/round-01-block-03.log: lines 141-160
29,client-side-tempo-modifier,Client-Side Tempo Modifier,Audio & Music Production,audio-processor,broken,"Missing dedicated audio DSP controls, sample generator, and standardized action toolbar","Added dedicated DSP processor, live parameter sliders, ActionToolbar, and WAV export preview",app-source/src/components/tools/AudioMusicToolsRunner.tsx,1.15x Tempo Multiplier,Recalculates duration and scales audio length to 1.15x tempo,Tempo scaled buffer exported to player and download,"Load Sample Audio Track (Working), Modify Audio Tempo (Working), Reset Defaults (Working), Copy Summary (Working), Export TXT (Working)",none,Pass: 0.5x half-tempo time stretch handles zero sample clicks,fixed-then-passed,real-browser,runlogs/round-01-block-03.log: lines 161-180
30,voice-changer-helper-easy,Voice Changer Helper Easy,Audio & Music Production,audio-processor,broken,"Missing dedicated audio DSP controls, sample generator, and standardized action toolbar","Added dedicated DSP processor, live parameter sliders, ActionToolbar, and WAV export preview",app-source/src/components/tools/AudioMusicToolsRunner.tsx,Robot preset character ring modulation,Applies 65Hz ring modulation carrier wave to vocal samples,Robot voice modulation applied and ready to play/download,"Load Sample Audio Track (Working), Apply Voice Character Preset (Working), Preset Selectors (Working), Reset Defaults (Working), Copy Summary (Working), Export TXT (Working)",none,"Pass: all 5 presets (robot, chipmunk, telephone, monster, alien) execute without NaN",fixed-then-passed,real-browser,runlogs/round-01-block-03.log: lines 181-200
31,custom-noise-remover-filter,Custom Noise Remover Filter,Audio & Music Production,audio-processor,broken,"Missing dedicated audio DSP controls, sample generator, and standardized action toolbar","Added dedicated DSP processor, live parameter sliders, ActionToolbar, and WAV export preview",app-source/src/components/tools/AudioMusicToolsRunner.tsx,"Gate Threshold: -40 dBFS, Rumble Cutoff: 80 Hz",Suppresses low-amplitude noise floor below -40dB with high-pass filtering,Noise floor suppressed and downloadable filtered WAV generated,"Load Sample Audio Track (Working), Apply Noise Floor Suppression (Working), Reset Defaults (Working), Copy Summary (Working), Export TXT (Working)",none,Pass: -60dB aggressive noise floor calculates zero audio dropouts,fixed-then-passed,real-browser,runlogs/round-01-block-04.log: lines 1-20
32,audio-metadata-reader-dynamic,Audio Metadata Reader (Dynamic),Audio & Music Production,audio-processor,broken,"Missing dedicated audio DSP controls, sample generator, and standardized action toolbar","Added dedicated DSP processor, live parameter sliders, ActionToolbar, and WAV export preview",app-source/src/components/tools/AudioMusicToolsRunner.tsx,Load sample audio buffer for stream inspection,"Extracts sample rate (44100Hz), channel count (2), duration (6.00s), bitrate (1411kbps)","Metadata table rendered: 6.00s duration, Stereo 2 channels, 44100 Hz, 16-bit PCM","Load Sample Audio Track (Working), Read Stream Metadata (Working), Reset Defaults (Working), Copy Summary (Working), Export JSON (Working)",none,Pass: empty/unloaded audio state prompts gracefully without throw,fixed-then-passed,real-browser,runlogs/round-01-block-04.log: lines 21-40
33,audio-waveform-comparer-private,Audio Waveform Comparer Private,Audio & Music Production,audio-processor,broken,"Missing dedicated audio DSP controls, sample generator, and standardized action toolbar","Added dedicated DSP processor, live parameter sliders, ActionToolbar, and WAV export preview",app-source/src/components/tools/AudioMusicToolsRunner.tsx,Track A (Master sample track) vs Track B (Reference comparison track),Simultaneously loads dual waveforms side-by-side for phase/duration alignment,Track A and Track B aligned side-by-side with comparison specs,"Load Master A (Working), Load Reference B (Working), Reset Defaults (Working), Copy Summary (Working), Export TXT (Working)",none,Pass: mismatched sampling rate tracks scale to normalized comparison grid,fixed-then-passed,real-browser,runlogs/round-01-block-04.log: lines 41-60
34,browser-audio-visualizer-canvas,Browser Audio Visualizer Canvas,Audio & Music Production,audio-processor,broken,"Missing dedicated audio DSP controls, sample generator, and standardized action toolbar","Added dedicated DSP processor, live parameter sliders, ActionToolbar, and WAV export preview",app-source/src/components/tools/AudioMusicToolsRunner.tsx,Spectrum Bars vs Oscilloscope visualizer modes,Renders animated 32-band FFT frequency bars and continuous wave oscilloscope,Spectrum bars and oscilloscope visualization modes rendered in real time,"Load Sample Audio Track (Working), Mode Toggle Buttons (Working), Reset Defaults (Working), Copy Summary (Working), Export TXT (Working)",none,Pass: zero-input silence renders flat baseline without canvas artifacting,fixed-then-passed,real-browser,runlogs/round-01-block-04.log: lines 61-80
35,universal-web-audio-recorder,Universal Web Audio Recorder,Audio & Music Production,audio-processor,broken,"Missing dedicated audio DSP controls, sample generator, and standardized action toolbar","Added dedicated DSP processor, live parameter sliders, ActionToolbar, and WAV export preview",app-source/src/components/tools/AudioMusicToolsRunner.tsx,Mic recording test with fallback synthetic audio capture,Captures voice stream via MediaRecorder API and generates playable WebM/WAV,Microphone recorder controls active and test voice track rendered into preview player,"Start/Stop Recording (Working), Load Test Voice Sample (Working), Reset Defaults (Working), Copy Summary (Working), Download WebM (Working)",none,Pass: denied microphone permissions trigger graceful fallback prompt,fixed-then-passed,real-browser,runlogs/round-01-block-04.log: lines 81-100
36,audio-player-preview-online,Audio Player Preview Online,Audio & Music Production,audio-processor,broken,"Missing dedicated audio DSP controls, sample generator, and standardized action toolbar","Added dedicated DSP processor, live parameter sliders, ActionToolbar, and WAV export preview",app-source/src/components/tools/AudioMusicToolsRunner.tsx,Load sample audio into client-side player,Instantiates HTML5 Audio element with seekbar and duration tracking,Player initialized with interactive audio controls and status banner,"Load Sample Audio Track (Working), Reset Defaults (Working), Copy Summary (Working), Download Track (Working)",none,Pass: rapid seek and play/pause cycling maintains buffer stability,fixed-then-passed,real-browser,runlogs/round-01-block-04.log: lines 101-120
37,audio-bitrate-compressor-master,Audio Bitrate Compressor (Master),Audio & Music Production,audio-processor,broken,"Missing dedicated audio DSP controls, sample generator, and standardized action toolbar","Added dedicated DSP processor, live parameter sliders, ActionToolbar, and WAV export preview",app-source/src/components/tools/AudioMusicToolsRunner.tsx,Target Bitrate: 128 kbps quantization on sample track,Quantizes PCM sample depths to simulate 128kbps data reduction (~60% bandwidth savings),Bitrate compressed audio processed and available for immediate playback/download,"Load Sample Audio Track (Working), Bitrate Selectors (Working), Compress Bitrate (Working), Reset Defaults (Working), Copy Summary (Working), Export TXT (Working)",none,Pass: low 64kbps bitrate quantization prevents audio clipping and maintains intelligibility,fixed-then-passed,real-browser,runlogs/round-01-block-04.log: lines 121-140
38,advanced-text-to-speech-synthesizer,Advanced Text to Speech Synthesizer,Audio & Music Production,audio-processor,broken,"Missing dedicated audio DSP controls, sample generator, and standardized action toolbar","Added dedicated DSP processor, live parameter sliders, ActionToolbar, and WAV export preview",app-source/src/components/tools/AudioMusicToolsRunner.tsx,"Text: ""Hello, this is Public Media Tool client-side speech synthesis."", Rate: 1.0x, Pitch: 1.0x",Instantiates SpeechSynthesisUtterance and triggers Web Speech API voice playback,Speech synthesis utterance dispatched with adjustable pitch and speed rate sliders,"Speak (Working), Stop (Working), Reset Defaults (Working), Copy Summary (Working), Export Script TXT (Working)",none,Pass: empty text input handled without runtime speech API crash,fixed-then-passed,real-browser,runlogs/round-01-block-04.log: lines 141-160
39,speech-to-text-recognizer-smart,Speech to Text Recognizer Smart,Audio & Music Production,audio-processor,broken,"Missing dedicated audio DSP controls, sample generator, and standardized action toolbar","Added dedicated DSP processor, live parameter sliders, ActionToolbar, and WAV export preview",app-source/src/components/tools/AudioMusicToolsRunner.tsx,Voice transcription with sample transcript loader,Captures microphone voice input and transcribes into real-time editable text,Speech recognition engine initialized and transcript rendered into editable textarea,"Start Voice Recognition (Working), Load Sample Transcript (Working), Reset Defaults (Working), Copy Summary (Working), Export TXT (Working)",none,Pass: non-webkit environments fallback gracefully to informative status prompt,fixed-then-passed,real-browser,runlogs/round-01-block-04.log: lines 161-180
40,client-side-ringtone-maker,Client-Side Ringtone Maker,Audio & Music Production,audio-processor,broken,"Missing dedicated audio DSP controls, sample generator, and standardized action toolbar","Added dedicated DSP processor, live parameter sliders, ActionToolbar, and WAV export preview",app-source/src/components/tools/AudioMusicToolsRunner.tsx,"Start Offset: 0s, Duration: 30s, Auto 0.5s edge fade in/out","Extracts exact 30s slice, applies 0.5s smooth edge crossfades to prevent clicks, encodes WAV",Ringtone audio sliced with crossfades and exported to playable preview player,"Load Sample Audio Track (Working), Create Ringtone WAV (Working), Reset Defaults (Working), Copy Summary (Working), Export TXT (Working)",none,Pass: ringtone duration exceeding available track length auto-clamps to track end,fixed-then-passed,real-browser,runlogs/round-01-block-04.log: lines 181-200
41,easy-podcast-episode-editor-prep,Easy Podcast Episode Editor Prep,Audio & Music Production,audio-processor,broken,"Missing dedicated tool controls, action toolbar, reset buttons, or exported calculations","Added dedicated interactive controls, parameter sliders, standardized ActionToolbar, copy/export features",app-source/src/components/tools/AudioMusicToolsRunner.tsx,"Intro Fade: 3s, Outro Fade: 3s, BGM Ducking: -12dB",Applies podcast mastering envelopes and crossfades to prepare episode tracks,Podcast mastering parameters rendered with customizable ducking envelopes,"Load Sample Audio Track (Working), Master Podcast Episode (Working), Reset Defaults (Working), Copy Summary (Working), Export TXT (Working)",none,Pass: aggressive -24dB ducking processes without audio distortion,fixed-then-passed,real-browser,runlogs/round-01-block-05.log: lines 1-20
42,universal-bpm-metronome-tool,Universal BPM Metronome Tool,Audio & Music Production,audio-processor,broken,"Missing dedicated tool controls, action toolbar, reset buttons, or exported calculations","Added dedicated interactive controls, parameter sliders, standardized ActionToolbar, copy/export features",app-source/src/components/tools/AudioMusicToolsRunner.tsx,"Tempo: 120 BPM, Time Signature: 3/4",Calculates 500.0 ms per beat and triggers oscillator audio click tone,BPM metronome rendered with real-time audio click generator and time signature selector,"Play Metronome Click (Working), Time Signature Toggles (Working), Reset Defaults (Working), Copy Summary (Working), Export TXT (Working)",none,Pass: maximum 240 BPM boundary calculates precise 250ms tick interval,fixed-then-passed,real-browser,runlogs/round-01-block-05.log: lines 21-40
43,online-music-key-transposer,Online Music Key Transposer,Audio & Music Production,audio-processor,broken,"Missing dedicated tool controls, action toolbar, reset buttons, or exported calculations","Added dedicated interactive controls, parameter sliders, standardized ActionToolbar, copy/export features",app-source/src/components/tools/AudioMusicToolsRunner.tsx,"Chord progression: ""C G Am F"", Semitones: +2","Transposes chord progression from C major to D major (""D A Bm G"")",Real-time chord transposition calculated and rendered in harmonic matrix,"Reset Defaults (Working), Copy Summary (Working), Export TXT (Working)",none,Pass: negative semitone modulation (-5) handles enharmonic sharp/flat conversions,fixed-then-passed,real-browser,runlogs/round-01-block-05.log: lines 41-60
44,chord-progression-generator-master,Chord Progression Generator Master,Audio & Music Production,audio-processor,broken,"Missing dedicated tool controls, action toolbar, reset buttons, or exported calculations","Added dedicated interactive controls, parameter sliders, standardized ActionToolbar, copy/export features",app-source/src/components/tools/AudioMusicToolsRunner.tsx,Select EDM / Dance harmonic progression preset,Generates four-chord modal sequence: F - G - Am - Em,Harmonic chord progression tiles generated with instant copy/export,"Genre Preset Buttons (Working), Reset Defaults (Working), Copy Summary (Working), Export TXT (Working)",none,Pass: rapid genre switching re-computes harmonic scales seamlessly,fixed-then-passed,real-browser,runlogs/round-01-block-05.log: lines 61-80
45,advanced-bpm-to-millisecond-delay-calculator,Advanced BPM to Millisecond Delay Calculator,Audio & Music Production,audio-processor,broken,"Missing dedicated tool controls, action toolbar, reset buttons, or exported calculations","Added dedicated interactive controls, parameter sliders, standardized ActionToolbar, copy/export features",app-source/src/components/tools/AudioMusicToolsRunner.tsx,Tempo: 128 BPM,"Calculates 1/4 Note (468.8ms), 1/8 Note (234.4ms), 1/16 Note (117.2ms), Dotted & Triplet delays",Delay and reverb timing grid calculated with milliseconds and corresponding Hertz frequencies,"Tempo Slider (Working), Reset Defaults (Working), Copy Summary (Working), Export TXT (Working)",none,Pass: odd fractional tempos (127.5 BPM) calculate accurate millisecond synchronization,fixed-then-passed,real-browser,runlogs/round-01-block-05.log: lines 81-100
46,guitar-tuner-pitch-reference-smart,Guitar Tuner Pitch Reference (Smart),Audio & Music Production,audio-processor,broken,"Missing dedicated tool controls, action toolbar, reset buttons, or exported calculations","Added dedicated interactive controls, parameter sliders, standardized ActionToolbar, copy/export features",app-source/src/components/tools/AudioMusicToolsRunner.tsx,Select E4 High E reference tone (329.63 Hz),Dispatches 329.63 Hz triangle wave tone through Web Audio API oscillator,Reference pitch generator active with visual indicator for each string (EADGBE),"String Note Selectors (Working), Reset Defaults (Working), Copy Summary (Working), Export TXT (Working)",none,Pass: rapid succession tone triggers prevent audio context clipping or audio leaks,fixed-then-passed,real-browser,runlogs/round-01-block-05.log: lines 101-120
47,universal-fuel-cost-calculator,Universal Fuel Cost Calculator,Automotive,automotive-calculator,broken,"Missing dedicated tool controls, action toolbar, reset buttons, or exported calculations","Added dedicated interactive controls, parameter sliders, standardized ActionToolbar, copy/export features",app-source/src/components/tools/AutomotiveToolsRunner.tsx,"Distance: 350 mi (Round Trip: 700 mi), MPG: 28, Gas: $3.65/gal, Passengers: 2","Calculates 25.0 gal required, Total Fuel Cost: $91.25, Cost per Passenger: $45.63","Total Distance: 700 mi, Fuel: 25.0 gal, Total Cost: $91.25, Cost per Pax: $45.63","Round Trip Checkbox (Working), Reset Defaults (Working), Copy Summary (Working), Export TXT (Working)",none,Pass: single passenger and zero round-trip toggle updates calculations instantly,fixed-then-passed,real-browser,runlogs/round-01-block-05.log: lines 121-140
48,online-vehicle-mileage-estimator,Online Vehicle Mileage Estimator,Automotive,automotive-calculator,broken,"Missing dedicated tool controls, action toolbar, reset buttons, or exported calculations","Added dedicated interactive controls, parameter sliders, standardized ActionToolbar, copy/export features",app-source/src/components/tools/AutomotiveToolsRunner.tsx,"Odometer Start: 45200, End: 45580, Fuel Added: 12.8 gal, Gas Price: $3.75/gal","Trip Distance: 380 mi, Economy: 29.7 MPG (7.9 L/100km), Trip Cost: $48.00, Cost/Mile: $0.13/mi","Trip Distance: 380 mi, 29.7 MPG, 7.9 L/100km, Total Trip Cost: $48.00","Odometer Inputs (Working), Reset Defaults (Working), Copy Summary (Working), Export TXT (Working)",none,Pass: identical odometer start and end (0 trip distance) prevents division by zero,fixed-then-passed,real-browser,runlogs/round-01-block-05.log: lines 141-160
49,car-loan-payment-calculator-master,Car Loan Payment Calculator Master,Automotive,automotive-calculator,broken,"Missing dedicated tool controls, action toolbar, reset buttons, or exported calculations","Added dedicated interactive controls, parameter sliders, standardized ActionToolbar, copy/export features",app-source/src/components/tools/AutomotiveToolsRunner.tsx,"Vehicle: $32,000, Down: $5,000, Trade-in: $2,000, Tax: 7.5%, APR: 5.99%, Term: 60 Mo","Financed: $27,250, Monthly Payment: $526.47/mo, Total Interest: $4,338.20","Amount Financed: $27,250, Monthly: $526.47/mo, Total Interest: $4,338.20","Loan Term Selectors (Working), Reset Defaults (Working), Copy Summary (Working), Export TXT (Working)",none,Pass: 0% interest rate promotional financing calculates clean linear principal payments,fixed-then-passed,real-browser,runlogs/round-01-block-05.log: lines 161-180
50,advanced-car-insurance-estimator,Advanced Car Insurance Estimator,Automotive,automotive-calculator,broken,"Missing dedicated tool controls, action toolbar, reset buttons, or exported calculations","Added dedicated interactive controls, parameter sliders, standardized ActionToolbar, copy/export features",app-source/src/components/tools/AutomotiveToolsRunner.tsx,"Vehicle Value: $28,000, Driver: Adult (25-65), Coverage: Full Comprehensive, Deductible: $1,000","Estimated Monthly Premium: $126.00/mo ($1,512.00/yr)","Estimated Monthly: $126.00/mo, Estimated Annual: $1,512.00/yr","Driver Profile & Coverage Dropdowns (Working), Reset Defaults (Working), Copy Summary (Working), Export TXT (Working)",none,Pass: high-risk young driver tier calculates calibrated 1.6x actuarial risk multiplier,fixed-then-passed,real-browser,runlogs/round-01-block-05.log: lines 181-200
